tract_name,tract_clean,zip_code
Census Tract 101; Cook County; Illinois,10100,00926
Census Tract 102.01; Cook County; Illinois,10201,03063
Census Tract 102.02; Cook County; Illinois,10202,03063
Census Tract 103; Cook County; Illinois,10300,02115
Census Tract 104; Cook County; Illinois,10400,02631
Census Tract 105.01; Cook County; Illinois,10501,02914
Census Tract 105.02; Cook County; Illinois,10502,02914
Census Tract 105.03; Cook County; Illinois,10503,08205
Census Tract 106; Cook County; Illinois,10600,02115
Census Tract 107.01; Cook County; Illinois,10701,02115
Census Tract 107.02; Cook County; Illinois,10702,02116
Census Tract 201; Cook County; Illinois,20100,04210
Census Tract 202; Cook County; Illinois,20200,00956
Census Tract 203.01; Cook County; Illinois,20301,02114
Census Tract 203.02; Cook County; Illinois,20302,00961
Census Tract 204; Cook County; Illinois,20400,02816
Census Tract 205; Cook County; Illinois,20500,00926
Census Tract 206.01; Cook County; Illinois,20601,02816
Census Tract 206.02; Cook County; Illinois,20602,02816
Census Tract 207.01; Cook County; Illinois,20701,02816
Census Tract 207.02; Cook County; Illinois,20702,02816
Census Tract 208.01; Cook County; Illinois,20801,04240
Census Tract 208.02; Cook County; Illinois,20802,04240
Census Tract 209.01; Cook County; Illinois,20901,02818
Census Tract 209.02; Cook County; Illinois,20902,07021
Census Tract 301.01; Cook County; Illinois,30101,00934
Census Tract 301.02; Cook County; Illinois,30102,04073
Census Tract 301.03; Cook County; Illinois,30103,00957
Census Tract 301.04; Cook County; Illinois,30104,00957
Census Tract 302; Cook County; Illinois,30200,00959
Census Tract 303; Cook County; Illinois,30300,00956
Census Tract 304; Cook County; Illinois,30400,02109
Census Tract 305; Cook County; Illinois,30500,02109
Census Tract 306.01; Cook County; Illinois,30601,02885
Census Tract 306.03; Cook County; Illinois,30603,06489
Census Tract 306.04; Cook County; Illinois,30604,06010
Census Tract 307.01; Cook County; Illinois,30701,07202
Census Tract 307.02; Cook County; Illinois,30702,13035
Census Tract 307.03; Cook County; Illinois,30703,07202
Census Tract 307.06; Cook County; Illinois,30706,32003
Census Tract 308; Cook County; Illinois,30800,00957
Census Tract 309; Cook County; Illinois,30900,07202
Census Tract 310; Cook County; Illinois,31000,03901
Census Tract 311; Cook County; Illinois,31100,04401
Census Tract 312; Cook County; Illinois,31200,04422
Census Tract 313; Cook County; Illinois,31300,04401
Census Tract 314; Cook County; Illinois,31400,07031
Census Tract 315.01; Cook County; Illinois,31501,00957
Census Tract 315.02; Cook County; Illinois,31502,00956
Census Tract 317; Cook County; Illinois,31700,07205
Census Tract 318; Cook County; Illinois,31800,00956
Census Tract 319; Cook County; Illinois,31900,00956
Census Tract 321; Cook County; Illinois,32100,00956
Census Tract 401; Cook County; Illinois,40100,01070
Census Tract 402.01; Cook County; Illinois,40201,13033
Census Tract 402.02; Cook County; Illinois,40202,13027
Census Tract 403; Cook County; Illinois,40300,01360
Census Tract 404.01; Cook County; Illinois,40401,02129
Census Tract 404.02; Cook County; Illinois,40402,24019
Census Tract 406; Cook County; Illinois,40600,01002
Census Tract 407; Cook County; Illinois,40700,02840
Census Tract 408; Cook County; Illinois,40800,01039
Census Tract 409; Cook County; Illinois,40900,00969
Census Tract 501; Cook County; Illinois,50100,06238
Census Tract 502; Cook County; Illinois,50200,02128
Census Tract 503; Cook County; Illinois,50300,02128
Census Tract 505; Cook County; Illinois,50500,02128
Census Tract 506; Cook County; Illinois,50600,00985
Census Tract 507; Cook County; Illinois,50700,00985
Census Tract 508; Cook County; Illinois,50800,06460
Census Tract 509; Cook County; Illinois,50900,06460
Census Tract 510; Cook County; Illinois,51000,02128
Census Tract 511; Cook County; Illinois,51100,06460
Census Tract 512; Cook County; Illinois,51200,02128
Census Tract 513; Cook County; Illinois,51300,06705
Census Tract 514; Cook County; Illinois,51400,02881
Census Tract 601; Cook County; Illinois,60100,06030
Census Tract 602; Cook County; Illinois,60200,02127
Census Tract 603; Cook County; Illinois,60300,06779
Census Tract 604; Cook County; Illinois,60400,02127
Census Tract 605; Cook County; Illinois,60500,06824
Census Tract 608; Cook County; Illinois,60800,02127
Census Tract 609; Cook County; Illinois,60900,06824
Census Tract 610; Cook County; Illinois,61000,02127
Census Tract 611; Cook County; Illinois,61100,06031
Census Tract 612; Cook County; Illinois,61200,06716
Census Tract 615; Cook County; Illinois,61500,06516
Census Tract 618; Cook County; Illinois,61800,11413
Census Tract 619.01; Cook County; Illinois,61901,60657
Census Tract 619.02; Cook County; Illinois,61902,27239
Census Tract 620; Cook County; Illinois,62000,03827
Census Tract 621; Cook County; Illinois,62100,06039
Census Tract 622; Cook County; Illinois,62200,11235
Census Tract 623; Cook County; Illinois,62300,11385
Census Tract 624; Cook County; Illinois,62400,11413
Census Tract 625; Cook County; Illinois,62500,03827
Census Tract 626; Cook County; Illinois,62600,11229
Census Tract 627; Cook County; Illinois,62700,11385
Census Tract 628; Cook County; Illinois,62800,11229
Census Tract 629; Cook County; Illinois,62900,11385
Census Tract 630; Cook County; Illinois,63000,11413
Census Tract 631; Cook County; Illinois,63100,60657
Census Tract 632; Cook County; Illinois,63200,06031
Census Tract 633.01; Cook County; Illinois,63301,11385
Census Tract 633.02; Cook County; Illinois,63302,11385
Census Tract 633.03; Cook County; Illinois,63303,60657
Census Tract 634; Cook County; Illinois,63400,36036
Census Tract 701.01; Cook County; Illinois,70101,12538
Census Tract 701.02; Cook County; Illinois,70102,02108
Census Tract 701.03; Cook County; Illinois,70103,02111
Census Tract 702; Cook County; Illinois,70200,06340
Census Tract 703; Cook County; Illinois,70300,00716
Census Tract 704; Cook County; Illinois,70400,00716
Census Tract 705; Cook County; Illinois,70500,06410
Census Tract 706; Cook County; Illinois,70600,02116
Census Tract 707; Cook County; Illinois,70700,02116
Census Tract 710; Cook County; Illinois,71000,00730
Census Tract 711; Cook County; Illinois,71100,06002
Census Tract 712; Cook County; Illinois,71200,00641
Census Tract 713; Cook County; Illinois,71300,00717
Census Tract 714; Cook County; Illinois,71400,06002
Census Tract 715; Cook County; Illinois,71500,00717
Census Tract 716; Cook County; Illinois,71600,06037
Census Tract 717; Cook County; Illinois,71700,00717
Census Tract 718; Cook County; Illinois,71800,00716
Census Tract 801; Cook County; Illinois,80100,00680
Census Tract 802.01; Cook County; Illinois,80201,12042
Census Tract 802.02; Cook County; Illinois,80202,03823
Census Tract 803; Cook County; Illinois,80300,00682
Census Tract 804; Cook County; Illinois,80400,06082
Census Tract 810; Cook County; Illinois,81000,06082
Census Tract 811; Cook County; Illinois,81100,06082
Census Tract 812.01; Cook County; Illinois,81201,32118
Census Tract 812.02; Cook County; Illinois,81202,32118
Census Tract 813; Cook County; Illinois,81300,00680
Census Tract 814.01; Cook County; Illinois,81401,60611
Census Tract 814.02; Cook County; Illinois,81402,60611
Census Tract 814.03; Cook County; Illinois,81403,60601
Census Tract 815; Cook County; Illinois,81500,02119
Census Tract 816; Cook County; Illinois,81600,03820
Census Tract 817; Cook County; Illinois,81700,00680
Census Tract 818; Cook County; Illinois,81800,00680
Census Tract 819; Cook County; Illinois,81900,00680
Census Tract 901; Cook County; Illinois,90100,02121
Census Tract 902; Cook County; Illinois,90200,02121
Census Tract 903; Cook County; Illinois,90300,02121
Census Tract 1001; Cook County; Illinois,100100,02124
Census Tract 1002; Cook County; Illinois,100200,00729
Census Tract 1003; Cook County; Illinois,100300,02124
Census Tract 1004; Cook County; Illinois,100400,00729
Census Tract 1005; Cook County; Illinois,100500,02124
Census Tract 1006; Cook County; Illinois,100600,11236
Census Tract 1007; Cook County; Illinois,100700,00729
Census Tract 1101; Cook County; Illinois,110100,16354
Census Tract 1102; Cook County; Illinois,110200,11743
Census Tract 1103; Cook County; Illinois,110300,11743
Census Tract 1104; Cook County; Illinois,110400,00772
Census Tract 1105.01; Cook County; Illinois,110501,02131
Census Tract 1105.02; Cook County; Illinois,110502,02131
Census Tract 1201; Cook County; Illinois,120100,11355
Census Tract 1202; Cook County; Illinois,120200,00949
Census Tract 1203; Cook County; Illinois,120300,00949
Census Tract 1204; Cook County; Illinois,120400,00949
Census Tract 1301; Cook County; Illinois,130100,11427
Census Tract 1302; Cook County; Illinois,130200,00745
Census Tract 1303; Cook County; Illinois,130300,00745
Census Tract 1401; Cook County; Illinois,140100,15213
Census Tract 1402; Cook County; Illinois,140200,15217
Census Tract 1403.01; Cook County; Illinois,140301,12601
Census Tract 1403.02; Cook County; Illinois,140302,12601
Census Tract 1404; Cook County; Illinois,140400,02126
Census Tract 1405; Cook County; Illinois,140500,12601
Census Tract 1406.01; Cook County; Illinois,140601,60618
Census Tract 1406.02; Cook County; Illinois,140602,12601
Census Tract 1407.01; Cook County; Illinois,140701,44118
Census Tract 1407.02; Cook County; Illinois,140702,44118
Census Tract 1408; Cook County; Illinois,140800,15217
Census Tract 1502; Cook County; Illinois,150200,00738
Census Tract 1503; Cook County; Illinois,150300,21216
Census Tract 1504.01; Cook County; Illinois,150401,60630
Census Tract 1504.02; Cook County; Illinois,150402,60634
Census Tract 1505.01; Cook County; Illinois,150501,14527
Census Tract 1505.02; Cook County; Illinois,150502,14527
Census Tract 1506; Cook County; Illinois,150600,21216
Census Tract 1507; Cook County; Illinois,150700,48301
Census Tract 1508; Cook County; Illinois,150800,21215
Census Tract 1510.01; Cook County; Illinois,151001,60641
Census Tract 1510.02; Cook County; Illinois,151002,60641
Census Tract 1511; Cook County; Illinois,151100,21215
Census Tract 1512; Cook County; Illinois,151200,21211
Census Tract 1601; Cook County; Illinois,160100,21201
Census Tract 1602; Cook County; Illinois,160200,02150
Census Tract 1603; Cook County; Illinois,160300,02150
Census Tract 1604; Cook County; Illinois,160400,00735
Census Tract 1605.01; Cook County; Illinois,160501,02150
Census Tract 1605.02; Cook County; Illinois,160502,02150
Census Tract 1606.01; Cook County; Illinois,160601,02150
Census Tract 1606.02; Cook County; Illinois,160602,02150
Census Tract 1607; Cook County; Illinois,160700,21216
Census Tract 1608; Cook County; Illinois,160800,15203
Census Tract 1609; Cook County; Illinois,160900,15203
Census Tract 1610; Cook County; Illinois,161000,15203
Census Tract 1611; Cook County; Illinois,161100,30223
Census Tract 1612; Cook County; Illinois,161200,44107
Census Tract 1613; Cook County; Illinois,161300,44107
Census Tract 1701; Cook County; Illinois,170100,00718
Census Tract 1702; Cook County; Illinois,170200,00718
Census Tract 1703; Cook County; Illinois,170300,00718
Census Tract 1704; Cook County; Illinois,170400,00718
Census Tract 1705; Cook County; Illinois,170500,53172
Census Tract 1706; Cook County; Illinois,170600,15203
Census Tract 1707; Cook County; Illinois,170700,53172
Census Tract 1708; Cook County; Illinois,170800,02151
Census Tract 1709; Cook County; Illinois,170900,56001
Census Tract 1710; Cook County; Illinois,171000,48237
Census Tract 1711; Cook County; Illinois,171100,48237
Census Tract 1801; Cook County; Illinois,180100,00741
Census Tract 1901; Cook County; Illinois,190100,21223
Census Tract 1902; Cook County; Illinois,190200,21223
Census Tract 1903; Cook County; Illinois,190300,15211
Census Tract 1904.01; Cook County; Illinois,190401,12524
Census Tract 1904.02; Cook County; Illinois,190402,11941
Census Tract 1906.01; Cook County; Illinois,190601,60639
Census Tract 1906.02; Cook County; Illinois,190602,60639
Census Tract 1907.01; Cook County; Illinois,190701,60639
Census Tract 1907.02; Cook County; Illinois,190702,60639
Census Tract 1908; Cook County; Illinois,190800,48306
Census Tract 1909; Cook County; Illinois,190900,60639
Census Tract 1910; Cook County; Illinois,191000,48307
Census Tract 1911; Cook County; Illinois,191100,15211
Census Tract 1912; Cook County; Illinois,191200,48307
Census Tract 1913.01; Cook County; Illinois,191301,60639
Census Tract 1913.02; Cook County; Illinois,191302,60639
Census Tract 2001; Cook County; Illinois,200100,00725
Census Tract 2002; Cook County; Illinois,200200,00725
Census Tract 2003; Cook County; Illinois,200300,02539
Census Tract 2004.01; Cook County; Illinois,200401,19040
Census Tract 2004.02; Cook County; Illinois,200402,18974
Census Tract 2101; Cook County; Illinois,210100,00778
Census Tract 2104; Cook County; Illinois,210400,00778
Census Tract 2105.01; Cook County; Illinois,210501,46122
Census Tract 2105.02; Cook County; Illinois,210502,46122
Census Tract 2106.01; Cook County; Illinois,210601,60618
Census Tract 2106.02; Cook County; Illinois,210602,45301
Census Tract 2107; Cook County; Illinois,210700,01960
Census Tract 2108; Cook County; Illinois,210800,01923
Census Tract 2109; Cook County; Illinois,210900,01960
Census Tract 2203; Cook County; Illinois,220300,00754
Census Tract 2204; Cook County; Illinois,220400,60647
Census Tract 2205; Cook County; Illinois,220500,60647
Census Tract 2206.01; Cook County; Illinois,220601,60647
Census Tract 2206.02; Cook County; Illinois,220602,60647
Census Tract 2207.01; Cook County; Illinois,220701,60647
Census Tract 2207.02; Cook County; Illinois,220702,60639
Census Tract 2209.01; Cook County; Illinois,220901,12601
Census Tract 2209.02; Cook County; Illinois,220902,60639
Census Tract 2210; Cook County; Illinois,221000,60647
Census Tract 2211; Cook County; Illinois,221100,01930
Census Tract 2212; Cook County; Illinois,221200,48047
Census Tract 2213; Cook County; Illinois,221300,01930
Census Tract 2214; Cook County; Illinois,221400,01930
Census Tract 2215; Cook County; Illinois,221500,01930
Census Tract 2216; Cook County; Illinois,221600,01930
Census Tract 2222; Cook County; Illinois,222200,60647
Census Tract 2225; Cook County; Illinois,222500,48047
Census Tract 2226; Cook County; Illinois,222600,60647
Census Tract 2227; Cook County; Illinois,222700,60647
Census Tract 2228; Cook County; Illinois,222800,48047
Census Tract 2229; Cook County; Illinois,222900,60647
Census Tract 2301; Cook County; Illinois,230100,00703
Census Tract 2302; Cook County; Illinois,230200,00703
Census Tract 2303; Cook County; Illinois,230300,00703
Census Tract 2304; Cook County; Illinois,230400,00703
Census Tract 2305; Cook County; Illinois,230500,60639
Census Tract 2306; Cook County; Illinois,230600,60639
Census Tract 2307; Cook County; Illinois,230700,48310
Census Tract 2308; Cook County; Illinois,230800,48310
Census Tract 2309; Cook County; Illinois,230900,60647
Census Tract 2311; Cook County; Illinois,231100,48312
Census Tract 2312; Cook County; Illinois,231200,48312
Census Tract 2315; Cook County; Illinois,231500,48310
Census Tract 2402; Cook County; Illinois,240200,21230
Census Tract 2403; Cook County; Illinois,240300,00739
Census Tract 2405; Cook County; Illinois,240500,00739
Census Tract 2406; Cook County; Illinois,240600,45384
Census Tract 2407; Cook County; Illinois,240700,45385
Census Tract 2408; Cook County; Illinois,240800,60647
Census Tract 2409; Cook County; Illinois,240900,48036
Census Tract 2410; Cook County; Illinois,241000,48036
Census Tract 2411; Cook County; Illinois,241100,60622
Census Tract 2412; Cook County; Illinois,241200,48035
Census Tract 2413; Cook County; Illinois,241300,15212
Census Tract 2414; Cook County; Illinois,241400,48035
Census Tract 2415; Cook County; Illinois,241500,48035
Census Tract 2416; Cook County; Illinois,241600,48035
Census Tract 2420; Cook County; Illinois,242000,60622
Census Tract 2421; Cook County; Illinois,242100,48035
Census Tract 2422; Cook County; Illinois,242200,60622
Census Tract 2423; Cook County; Illinois,242300,60622
Census Tract 2424; Cook County; Illinois,242400,60622
Census Tract 2425; Cook County; Illinois,242500,48038
Census Tract 2426; Cook County; Illinois,242600,60622
Census Tract 2427; Cook County; Illinois,242700,60622
Census Tract 2428; Cook County; Illinois,242800,60612
Census Tract 2429; Cook County; Illinois,242900,60612
Census Tract 2430; Cook County; Illinois,243000,48038
Census Tract 2431; Cook County; Illinois,243100,60622
Census Tract 2432; Cook County; Illinois,243200,60622
Census Tract 2433; Cook County; Illinois,243300,60622
Census Tract 2434; Cook County; Illinois,243400,60642
Census Tract 2435; Cook County; Illinois,243500,60642
Census Tract 2502; Cook County; Illinois,250200,00705
Census Tract 2503; Cook County; Illinois,250300,00705
Census Tract 2504; Cook County; Illinois,250400,00705
Census Tract 2505; Cook County; Illinois,250500,00705
Census Tract 2506; Cook County; Illinois,250600,00705
Census Tract 2507; Cook County; Illinois,250700,01841
Census Tract 2508; Cook County; Illinois,250800,01841
Census Tract 2510; Cook County; Illinois,251000,01840
Census Tract 2511; Cook County; Illinois,251100,01841
Census Tract 2512; Cook County; Illinois,251200,01840
Census Tract 2513; Cook County; Illinois,251300,01840
Census Tract 2514; Cook County; Illinois,251400,01841
Census Tract 2515; Cook County; Illinois,251500,01840
Census Tract 2516; Cook County; Illinois,251600,01843
Census Tract 2517; Cook County; Illinois,251700,01843
Census Tract 2518; Cook County; Illinois,251800,01810
Census Tract 2519; Cook County; Illinois,251900,48080
Census Tract 2520; Cook County; Illinois,252000,48080
Census Tract 2521.01; Cook County; Illinois,252101,01841
Census Tract 2521.02; Cook County; Illinois,252102,01826
Census Tract 2522.01; Cook County; Illinois,252201,01844
Census Tract 2522.02; Cook County; Illinois,252202,01844
Census Tract 2601; Cook County; Illinois,260100,00736
Census Tract 2602; Cook County; Illinois,260200,01830
Census Tract 2603; Cook County; Illinois,260300,00736
Census Tract 2604; Cook County; Illinois,260400,00736
Census Tract 2605; Cook County; Illinois,260500,00736
Census Tract 2606; Cook County; Illinois,260600,00736
Census Tract 2607; Cook County; Illinois,260700,00736
Census Tract 2608; Cook County; Illinois,260800,00736
Census Tract 2609; Cook County; Illinois,260900,01832
Census Tract 2610; Cook County; Illinois,261000,01835
Census Tract 2705; Cook County; Illinois,270500,00784
Census Tract 2712; Cook County; Illinois,271200,21210
Census Tract 2713; Cook County; Illinois,271300,21209
Census Tract 2714; Cook County; Illinois,271400,21209
Census Tract 2715; Cook County; Illinois,271500,60624
Census Tract 2718; Cook County; Illinois,271800,60612
Census Tract 2801; Cook County; Illinois,280100,60606
Census Tract 2804; Cook County; Illinois,280400,23315
Census Tract 2808; Cook County; Illinois,280800,48708
Census Tract 2809; Cook County; Illinois,280900,48708
Census Tract 2819; Cook County; Illinois,281900,60606
Census Tract 2827; Cook County; Illinois,282700,60608
Census Tract 2828; Cook County; Illinois,282800,60608
Census Tract 2831; Cook County; Illinois,283100,60607
Census Tract 2832; Cook County; Illinois,283200,60607
Census Tract 2838; Cook County; Illinois,283800,60608
Census Tract 2909; Cook County; Illinois,290900,60623
Census Tract 2912; Cook County; Illinois,291200,48640
Census Tract 2916; Cook County; Illinois,291600,60608
Census Tract 2922; Cook County; Illinois,292200,60623
Census Tract 2924; Cook County; Illinois,292400,60623
Census Tract 2925; Cook County; Illinois,292500,60623
Census Tract 3005; Cook County; Illinois,300500,00612
Census Tract 3006; Cook County; Illinois,300600,11021
Census Tract 3007; Cook County; Illinois,300700,00612
Census Tract 3008; Cook County; Illinois,300800,00612
Census Tract 3009; Cook County; Illinois,300900,19460
Census Tract 3011; Cook County; Illinois,301100,00612
Census Tract 3012; Cook County; Illinois,301200,00612
Census Tract 3016; Cook County; Illinois,301600,00612
Census Tract 3017.01; Cook County; Illinois,301701,60623
Census Tract 3017.02; Cook County; Illinois,301702,60623
Census Tract 3018.01; Cook County; Illinois,301801,60623
Census Tract 3018.02; Cook County; Illinois,301802,60623
Census Tract 3018.03; Cook County; Illinois,301803,60623
Census Tract 3102; Cook County; Illinois,310200,00659
Census Tract 3103; Cook County; Illinois,310300,00659
Census Tract 3104; Cook County; Illinois,310400,00612
Census Tract 3105; Cook County; Illinois,310500,00612
Census Tract 3106; Cook County; Illinois,310600,00659
Census Tract 3107; Cook County; Illinois,310700,01851
Census Tract 3108; Cook County; Illinois,310800,44024
Census Tract 3109; Cook County; Illinois,310900,44021
Census Tract 3201.01; Cook County; Illinois,320101,60601
Census Tract 3201.02; Cook County; Illinois,320102,01748
Census Tract 3204; Cook County; Illinois,320400,15210
Census Tract 3206; Cook County; Illinois,320600,00627
Census Tract 3301.01; Cook County; Illinois,330101,01864
Census Tract 3301.02; Cook County; Illinois,330102,01864
Census Tract 3301.03; Cook County; Illinois,330103,46250
Census Tract 3302; Cook County; Illinois,330200,00678
Census Tract 3403; Cook County; Illinois,340300,23662
Census Tract 3404; Cook County; Illinois,340400,46222
Census Tract 3405; Cook County; Illinois,340500,46222
Census Tract 3406; Cook County; Illinois,340600,46222
Census Tract 3501; Cook County; Illinois,350100,46208
Census Tract 3504; Cook County; Illinois,350400,02144
Census Tract 3510; Cook County; Illinois,351000,46205
Census Tract 3511; Cook County; Illinois,351100,60616
Census Tract 3514; Cook County; Illinois,351400,60609
Census Tract 3515; Cook County; Illinois,351500,02139
Census Tract 3602; Cook County; Illinois,360200,50441
Census Tract 3801; Cook County; Illinois,380100,34950
Census Tract 3802; Cook County; Illinois,380200,34950
Census Tract 3806; Cook County; Illinois,380600,34982
Census Tract 3812; Cook County; Illinois,381200,60615
Census Tract 3814; Cook County; Illinois,381400,60609
Census Tract 3815; Cook County; Illinois,381500,60609
Census Tract 3818; Cook County; Illinois,381800,60609
Census Tract 3819; Cook County; Illinois,381900,34952
Census Tract 3901; Cook County; Illinois,390100,45312
Census Tract 3902; Cook County; Illinois,390200,46163
Census Tract 3903; Cook County; Illinois,390300,46163
Census Tract 3904; Cook County; Illinois,390400,60615
Census Tract 3905; Cook County; Illinois,390500,46208
Census Tract 3906; Cook County; Illinois,390600,60615
Census Tract 3907; Cook County; Illinois,390700,46222
Census Tract 4003; Cook County; Illinois,400300,00602
Census Tract 4004; Cook County; Illinois,400400,00603
Census Tract 4005; Cook County; Illinois,400500,02445
Census Tract 4008; Cook County; Illinois,400800,00603
Census Tract 4101; Cook County; Illinois,410100,00662
Census Tract 4102; Cook County; Illinois,410200,00662
Census Tract 4105; Cook County; Illinois,410500,00662
Census Tract 4106; Cook County; Illinois,410600,00662
Census Tract 4107; Cook County; Illinois,410700,11563
Census Tract 4108; Cook County; Illinois,410800,11557
Census Tract 4109; Cook County; Illinois,410900,11557
Census Tract 4110; Cook County; Illinois,411000,11096
Census Tract 4111; Cook County; Illinois,411100,11096
Census Tract 4112; Cook County; Illinois,411200,02032
Census Tract 4201; Cook County; Illinois,420100,00603
Census Tract 4202; Cook County; Illinois,420200,00676
Census Tract 4203; Cook County; Illinois,420300,16701
Census Tract 4204; Cook County; Illinois,420400,16701
Census Tract 4205; Cook County; Illinois,420500,00676
Census Tract 4206; Cook County; Illinois,420600,16701
Census Tract 4207; Cook County; Illinois,420700,16743
Census Tract 4208; Cook County; Illinois,420800,16724
Census Tract 4212; Cook County; Illinois,421200,02343
Census Tract 4301.01; Cook County; Illinois,430101,21225
Census Tract 4301.02; Cook County; Illinois,430102,22032
Census Tract 4302; Cook County; Illinois,430200,00602
Census Tract 4303; Cook County; Illinois,430300,00602
Census Tract 4304; Cook County; Illinois,430400,21227
Census Tract 4305; Cook County; Illinois,430500,22151
Census Tract 4306; Cook County; Illinois,430600,21227
Census Tract 4307; Cook County; Illinois,430700,21227
Census Tract 4308; Cook County; Illinois,430800,21227
Census Tract 4309; Cook County; Illinois,430900,21227
Census Tract 4312; Cook County; Illinois,431200,60649
Census Tract 4313.01; Cook County; Illinois,431301,60649
Census Tract 4313.02; Cook County; Illinois,431302,60649
Census Tract 4314; Cook County; Illinois,431400,15202
Census Tract 4401.01; Cook County; Illinois,440101,02762
Census Tract 4401.02; Cook County; Illinois,440102,02760
Census Tract 4402.01; Cook County; Illinois,440201,22031
Census Tract 4402.02; Cook County; Illinois,440202,22003
Census Tract 4403; Cook County; Illinois,440300,21236
Census Tract 4406; Cook County; Illinois,440600,21236
Census Tract 4407; Cook County; Illinois,440700,60619
Census Tract 4408; Cook County; Illinois,440800,21236
Census Tract 4409; Cook County; Illinois,440900,21237
Census Tract 4503; Cook County; Illinois,450300,21221
Census Tract 4601; Cook County; Illinois,460100,22066
Census Tract 4602; Cook County; Illinois,460200,22180
Census Tract 4603.01; Cook County; Illinois,460301,60617
Census Tract 4603.02; Cook County; Illinois,460302,60617
Census Tract 4604; Cook County; Illinois,460400,22182
Census Tract 4605; Cook County; Illinois,460500,56009
Census Tract 4608; Cook County; Illinois,460800,22180
Census Tract 4610; Cook County; Illinois,461000,15225
Census Tract 4701; Cook County; Illinois,470100,22101
Census Tract 4801; Cook County; Illinois,480100,22066
Census Tract 4802; Cook County; Illinois,480200,15227
Census Tract 4803; Cook County; Illinois,480300,15210
Census Tract 4804; Cook County; Illinois,480400,15227
Census Tract 4805; Cook County; Illinois,480500,50122
Census Tract 4902; Cook County; Illinois,490200,13662
Census Tract 4905; Cook County; Illinois,490500,13621
Census Tract 4906; Cook County; Illinois,490600,13613
Census Tract 4907; Cook County; Illinois,490700,12914
Census Tract 4908; Cook County; Illinois,490800,13617
Census Tract 4909.01; Cook County; Illinois,490901,60628
Census Tract 4909.02; Cook County; Illinois,490902,60628
Census Tract 4910; Cook County; Illinois,491000,13617
Census Tract 4911; Cook County; Illinois,491100,13676
Census Tract 4912; Cook County; Illinois,491200,13676
Census Tract 4913; Cook County; Illinois,491300,13617
Census Tract 4914; Cook County; Illinois,491400,13669
Census Tract 5001; Cook County; Illinois,500100,00771
Census Tract 5002; Cook County; Illinois,500200,00777
Census Tract 5003; Cook County; Illinois,500300,08063
Census Tract 5101; Cook County; Illinois,510100,02302
Census Tract 5102; Cook County; Illinois,510200,00949
Census Tract 5103; Cook County; Illinois,510300,00949
Census Tract 5201; Cook County; Illinois,520100,02351
Census Tract 5202; Cook County; Illinois,520200,11714
Census Tract 5203; Cook County; Illinois,520300,00719
Census Tract 5204; Cook County; Illinois,520400,00719
Census Tract 5205; Cook County; Illinois,520500,44221
Census Tract 5206; Cook County; Illinois,520600,11735
Census Tract 5301; Cook County; Illinois,530100,00783
Census Tract 5302; Cook County; Illinois,530200,00687
Census Tract 5303; Cook County; Illinois,530300,00783
Census Tract 5304; Cook County; Illinois,530400,00783
Census Tract 5305.01; Cook County; Illinois,530501,44224
Census Tract 5305.02; Cook County; Illinois,530502,44224
Census Tract 5305.03; Cook County; Illinois,530503,60628
Census Tract 5306; Cook County; Illinois,530600,02360
Census Tract 5401.01; Cook County; Illinois,540101,02346
Census Tract 5401.02; Cook County; Illinois,540102,02347
Census Tract 5501; Cook County; Illinois,550100,45303
Census Tract 5502; Cook County; Illinois,550200,00692
Census Tract 5601; Cook County; Illinois,560100,00687
Census Tract 5602; Cook County; Illinois,560200,50426
Census Tract 5603; Cook County; Illinois,560300,00693
Census Tract 5604; Cook County; Illinois,560400,15221
Census Tract 5607; Cook County; Illinois,560700,60638
Census Tract 5608; Cook County; Illinois,560800,60638
Census Tract 5609; Cook County; Illinois,560900,00693
Census Tract 5610; Cook County; Illinois,561000,60501
Census Tract 5611; Cook County; Illinois,561100,02576
Census Tract 5701; Cook County; Illinois,570100,00674
Census Tract 5702; Cook County; Illinois,570200,48141
Census Tract 5703; Cook County; Illinois,570300,00674
Census Tract 5704; Cook County; Illinois,570400,00674
Census Tract 5705; Cook County; Illinois,570500,00674
Census Tract 5801; Cook County; Illinois,580100,00612
Census Tract 5802; Cook County; Illinois,580200,00612
Census Tract 5803; Cook County; Illinois,580300,48192
Census Tract 5804; Cook County; Illinois,580400,48192
Census Tract 5805.01; Cook County; Illinois,580501,60632
Census Tract 5805.02; Cook County; Illinois,580502,60632
Census Tract 5806; Cook County; Illinois,580600,48192
Census Tract 5807; Cook County; Illinois,580700,48192
Census Tract 5808; Cook County; Illinois,580800,48192
Census Tract 5905; Cook County; Illinois,590500,12116
Census Tract 5906; Cook County; Illinois,590600,12043
Census Tract 5907; Cook County; Illinois,590700,60609
Census Tract 6004; Cook County; Illinois,600400,08102
Census Tract 6006; Cook County; Illinois,600600,60608
Census Tract 6007; Cook County; Illinois,600700,08102
Census Tract 6009; Cook County; Illinois,600900,08105
Census Tract 6103; Cook County; Illinois,610300,08102
Census Tract 6104; Cook County; Illinois,610400,08101
Census Tract 6108; Cook County; Illinois,610800,08110
Census Tract 6112; Cook County; Illinois,611200,08021
Census Tract 6113; Cook County; Illinois,611300,08012
Census Tract 6114; Cook County; Illinois,611400,08009
Census Tract 6115; Cook County; Illinois,611500,08009
Census Tract 6116; Cook County; Illinois,611600,08104
Census Tract 6117; Cook County; Illinois,611700,08030
Census Tract 6118; Cook County; Illinois,611800,60609
Census Tract 6119; Cook County; Illinois,611900,60609
Census Tract 6120; Cook County; Illinois,612000,60609
Census Tract 6121; Cook County; Illinois,612100,02767
Census Tract 6122; Cook County; Illinois,612200,60609
Census Tract 6201; Cook County; Illinois,620100,53021
Census Tract 6202; Cook County; Illinois,620200,60632
Census Tract 6203; Cook County; Illinois,620300,60629
Census Tract 6204; Cook County; Illinois,620400,60629
Census Tract 6303; Cook County; Illinois,630300,60632
Census Tract 6304; Cook County; Illinois,630400,02703
Census Tract 6305; Cook County; Illinois,630500,60609
Census Tract 6306; Cook County; Illinois,630600,60609
Census Tract 6308; Cook County; Illinois,630800,60629
Census Tract 6309; Cook County; Illinois,630900,60629
Census Tract 6401; Cook County; Illinois,640100,02721
Census Tract 6403; Cook County; Illinois,640300,02724
Census Tract 6404; Cook County; Illinois,640400,02724
Census Tract 6405; Cook County; Illinois,640500,02721
Census Tract 6406; Cook County; Illinois,640600,02721
Census Tract 6407; Cook County; Illinois,640700,02721
Census Tract 6408; Cook County; Illinois,640800,02721
Census Tract 6501; Cook County; Illinois,650100,48023
Census Tract 6502; Cook County; Illinois,650200,48004
Census Tract 6503.01; Cook County; Illinois,650301,60629
Census Tract 6503.02; Cook County; Illinois,650302,60629
Census Tract 6504; Cook County; Illinois,650400,02745
Census Tract 6505; Cook County; Illinois,650500,02745
Census Tract 6603.01; Cook County; Illinois,660301,53092
Census Tract 6603.02; Cook County; Illinois,660302,60629
Census Tract 6604; Cook County; Illinois,660400,60629
Census Tract 6605; Cook County; Illinois,660500,60629
Census Tract 6606; Cook County; Illinois,660600,60629
Census Tract 6607; Cook County; Illinois,660700,60636
Census Tract 6608; Cook County; Illinois,660800,60629
Census Tract 6609; Cook County; Illinois,660900,60629
Census Tract 6610; Cook County; Illinois,661000,60629
Census Tract 6611; Cook County; Illinois,661100,60629
Census Tract 6701; Cook County; Illinois,670100,60636
Census Tract 6702; Cook County; Illinois,670200,55959
Census Tract 6703; Cook County; Illinois,670300,60636
Census Tract 6704; Cook County; Illinois,670400,55987
Census Tract 6705; Cook County; Illinois,670500,55987
Census Tract 6706; Cook County; Illinois,670600,55987
Census Tract 6707; Cook County; Illinois,670700,55987
Census Tract 6708; Cook County; Illinois,670800,60636
Census Tract 6709; Cook County; Illinois,670900,55910
Census Tract 6711; Cook County; Illinois,671100,60636
Census Tract 6712; Cook County; Illinois,671200,60636
Census Tract 6713; Cook County; Illinois,671300,60636
Census Tract 6714; Cook County; Illinois,671400,60636
Census Tract 6715; Cook County; Illinois,671500,60636
Census Tract 6716; Cook County; Illinois,671600,60636
Census Tract 6718; Cook County; Illinois,671800,60636
Census Tract 6719; Cook County; Illinois,671900,60636
Census Tract 6720; Cook County; Illinois,672000,60636
Census Tract 6805; Cook County; Illinois,680500,50533
Census Tract 6806; Cook County; Illinois,680600,60621
Census Tract 6809; Cook County; Illinois,680900,60621
Census Tract 6810; Cook County; Illinois,681000,60621
Census Tract 6811; Cook County; Illinois,681100,60621
Census Tract 6812; Cook County; Illinois,681200,60621
Census Tract 6813; Cook County; Illinois,681300,60620
Census Tract 6814; Cook County; Illinois,681400,60621
Census Tract 6903; Cook County; Illinois,690300,50401
Census Tract 6904; Cook County; Illinois,690400,60619
Census Tract 6905; Cook County; Illinois,690500,60619
Census Tract 6909; Cook County; Illinois,690900,60619
Census Tract 6910; Cook County; Illinois,691000,60619
Census Tract 6911; Cook County; Illinois,691100,60621
Census Tract 6912; Cook County; Illinois,691200,60620
Census Tract 6913; Cook County; Illinois,691300,60619
Census Tract 6914; Cook County; Illinois,691400,60619
Census Tract 6915; Cook County; Illinois,691500,60619
Census Tract 7001; Cook County; Illinois,700100,01430
Census Tract 7002; Cook County; Illinois,700200,08065
Census Tract 7003.01; Cook County; Illinois,700301,23089
Census Tract 7003.02; Cook County; Illinois,700302,23011
Census Tract 7004.01; Cook County; Illinois,700401,08052
Census Tract 7004.02; Cook County; Illinois,700402,08052
Census Tract 7005.01; Cook County; Illinois,700501,08054
Census Tract 7005.02; Cook County; Illinois,700502,08057
Census Tract 7101; Cook County; Illinois,710100,01420
Census Tract 7102; Cook County; Illinois,710200,00766
Census Tract 7103; Cook County; Illinois,710300,01420
Census Tract 7104; Cook County; Illinois,710400,00795
Census Tract 7105; Cook County; Illinois,710500,00795
Census Tract 7106; Cook County; Illinois,710600,00720
Census Tract 7107; Cook County; Illinois,710700,00795
Census Tract 7108; Cook County; Illinois,710800,00795
Census Tract 7109; Cook County; Illinois,710900,44201
Census Tract 7110; Cook County; Illinois,711000,01420
Census Tract 7111; Cook County; Illinois,711100,01420
Census Tract 7112; Cook County; Illinois,711200,08742
Census Tract 7113; Cook County; Illinois,711300,08742
Census Tract 7114; Cook County; Illinois,711400,08742
Census Tract 7115; Cook County; Illinois,711500,60620
Census Tract 7201; Cook County; Illinois,720100,01452
Census Tract 7202; Cook County; Illinois,720200,44615
Census Tract 7203; Cook County; Illinois,720300,00766
Census Tract 7204; Cook County; Illinois,720400,00766
Census Tract 7205; Cook County; Illinois,720500,44615
Census Tract 7206; Cook County; Illinois,720600,43903
Census Tract 7207; Cook County; Illinois,720700,43988
Census Tract 7301; Cook County; Illinois,730100,00624
Census Tract 7302.01; Cook County; Illinois,730201,60620
Census Tract 7302.02; Cook County; Illinois,730202,60620
Census Tract 7303; Cook County; Illinois,730300,00624
Census Tract 7304; Cook County; Illinois,730400,00624
Census Tract 7305; Cook County; Illinois,730500,01605
Census Tract 7306; Cook County; Illinois,730600,01605
Census Tract 7307; Cook County; Illinois,730700,01602
Census Tract 7401; Cook County; Illinois,740100,12035
Census Tract 7402; Cook County; Illinois,740200,00656
Census Tract 7403; Cook County; Illinois,740300,00624
Census Tract 7404; Cook County; Illinois,740400,00656
Census Tract 7501; Cook County; Illinois,750100,01534
Census Tract 7502; Cook County; Illinois,750200,01525
Census Tract 7503; Cook County; Illinois,750300,00653
Census Tract 7504; Cook County; Illinois,750400,00698
Census Tract 7505; Cook County; Illinois,750500,56152
Census Tract 7506; Cook County; Illinois,750600,21701
Census Tract 7608.01; Cook County; Illinois,760801,60631
Census Tract 7608.02; Cook County; Illinois,760802,60634
Census Tract 7608.03; Cook County; Illinois,760803,60656
Census Tract 7702.01; Cook County; Illinois,770201,60007
Census Tract 7702.02; Cook County; Illinois,770202,60007
Census Tract 7703; Cook County; Illinois,770300,56431
Census Tract 7704; Cook County; Illinois,770400,45144
Census Tract 7705; Cook County; Illinois,770500,45616
Census Tract 7706.01; Cook County; Illinois,770601,60016
Census Tract 7706.02; Cook County; Illinois,770602,60018
Census Tract 7707; Cook County; Illinois,770700,21702
Census Tract 7708; Cook County; Illinois,770800,60018
Census Tract 7709.01; Cook County; Illinois,770901,60706
Census Tract 7709.02; Cook County; Illinois,770902,60656
Census Tract 8001; Cook County; Illinois,800100,15068
Census Tract 8002; Cook County; Illinois,800200,07716
Census Tract 8003; Cook County; Illinois,800300,01020
Census Tract 8004; Cook County; Illinois,800400,01013
Census Tract 8005; Cook County; Illinois,800500,01013
Census Tract 8006; Cook County; Illinois,800600,01107
Census Tract 8007; Cook County; Illinois,800700,01104
Census Tract 8008; Cook County; Illinois,800800,01104
Census Tract 8009; Cook County; Illinois,800900,01103
Census Tract 8010; Cook County; Illinois,801000,07701
Census Tract 8011; Cook County; Illinois,801100,07733
Census Tract 8012; Cook County; Illinois,801200,01103
Census Tract 8013; Cook County; Illinois,801300,01104
Census Tract 8014; Cook County; Illinois,801400,07701
Census Tract 8015; Cook County; Illinois,801500,07733
Census Tract 8016.01; Cook County; Illinois,801601,01109
Census Tract 8016.03; Cook County; Illinois,801603,01129
Census Tract 8016.05; Cook County; Illinois,801605,01028
Census Tract 8016.06; Cook County; Illinois,801606,60062
Census Tract 8016.07; Cook County; Illinois,801607,60025
Census Tract 8016.08; Cook County; Illinois,801608,60026
Census Tract 8017.01; Cook County; Illinois,801701,15068
Census Tract 8017.02; Cook County; Illinois,801702,15068
Census Tract 8018; Cook County; Illinois,801800,01105
Census Tract 8019.01; Cook County; Illinois,801901,01105
Census Tract 8019.02; Cook County; Illinois,801902,01103
Census Tract 8020.02; Cook County; Illinois,802002,20746
Census Tract 8020.03; Cook County; Illinois,802003,15626
Census Tract 8020.04; Cook County; Illinois,802004,15626
Census Tract 8021; Cook County; Illinois,802100,07730
Census Tract 8022; Cook County; Illinois,802200,01108
Census Tract 8023; Cook County; Illinois,802300,01108
Census Tract 8024.02; Cook County; Illinois,802402,60062
Census Tract 8024.03; Cook County; Illinois,802403,60089
Census Tract 8024.04; Cook County; Illinois,802404,20743
Census Tract 8025.03; Cook County; Illinois,802503,60004
Census Tract 8025.04; Cook County; Illinois,802504,60090
Census Tract 8025.05; Cook County; Illinois,802505,60070
Census Tract 8025.06; Cook County; Illinois,802506,60090
Census Tract 8026.05; Cook County; Illinois,802605,60056
Census Tract 8026.07; Cook County; Illinois,802607,60070
Census Tract 8026.08; Cook County; Illinois,802608,60004
Census Tract 8026.09; Cook County; Illinois,802609,60070
Census Tract 8026.10; Cook County; Illinois,802610,60056
Census Tract 8027.01; Cook County; Illinois,802701,44509
Census Tract 8027.02; Cook County; Illinois,802702,44511
Census Tract 8028.01; Cook County; Illinois,802801,60004
Census Tract 8028.02; Cook County; Illinois,802802,60005
Census Tract 8029; Cook County; Illinois,802900,07747
Census Tract 8030.05; Cook County; Illinois,803005,60004
Census Tract 8030.07; Cook County; Illinois,803007,60004
Census Tract 8030.08; Cook County; Illinois,803008,60004
Census Tract 8030.10; Cook County; Illinois,803010,60004
Census Tract 8030.12; Cook County; Illinois,803012,60004
Census Tract 8030.13; Cook County; Illinois,803013,60089
Census Tract 8030.14; Cook County; Illinois,803014,60070
Census Tract 8030.15; Cook County; Illinois,803015,60004
Census Tract 8030.16; Cook County; Illinois,803016,60004
Census Tract 8030.17; Cook County; Illinois,803017,60004
Census Tract 8031; Cook County; Illinois,803100,07747
Census Tract 8032; Cook County; Illinois,803200,15085
Census Tract 8033; Cook County; Illinois,803300,07733
Census Tract 8034; Cook County; Illinois,803400,07701
Census Tract 8035; Cook County; Illinois,803500,07701
Census Tract 8036.03; Cook County; Illinois,803603,60010
Census Tract 8036.04; Cook County; Illinois,803604,60067
Census Tract 8036.05; Cook County; Illinois,803605,20706
Census Tract 8036.07; Cook County; Illinois,803607,20706
Census Tract 8036.08; Cook County; Illinois,803608,20706
Census Tract 8036.11; Cook County; Illinois,803611,60074
Census Tract 8036.12; Cook County; Illinois,803612,20706
Census Tract 8036.13; Cook County; Illinois,803613,20706
Census Tract 8036.14; Cook County; Illinois,803614,60074
Census Tract 8036.15; Cook County; Illinois,803615,60067
Census Tract 8036.16; Cook County; Illinois,803616,60067
Census Tract 8037.01; Cook County; Illinois,803701,60067
Census Tract 8037.02; Cook County; Illinois,803702,60067
Census Tract 8038; Cook County; Illinois,803800,07739
Census Tract 8039.01; Cook County; Illinois,803901,15601
Census Tract 8039.02; Cook County; Illinois,803902,15601
Census Tract 8040; Cook County; Illinois,804000,15601
Census Tract 8041.02; Cook County; Illinois,804102,20784
Census Tract 8041.04; Cook County; Illinois,804104,60067
Census Tract 8041.05; Cook County; Illinois,804105,60008
Census Tract 8041.06; Cook County; Illinois,804106,60008
Census Tract 8041.08; Cook County; Illinois,804108,60008
Census Tract 8041.09; Cook County; Illinois,804109,60008
Census Tract 8042.02; Cook County; Illinois,804202,60010
Census Tract 8042.03; Cook County; Illinois,804203,60010
Census Tract 8042.04; Cook County; Illinois,804204,60010
Census Tract 8043.05; Cook County; Illinois,804305,60107
Census Tract 8043.06; Cook County; Illinois,804306,60107
Census Tract 8043.08; Cook County; Illinois,804308,60107
Census Tract 8043.09; Cook County; Illinois,804309,60107
Census Tract 8043.12; Cook County; Illinois,804312,60120
Census Tract 8043.13; Cook County; Illinois,804313,60120
Census Tract 8043.14; Cook County; Illinois,804314,60107
Census Tract 8043.15; Cook County; Illinois,804315,60107
Census Tract 8043.16; Cook County; Illinois,804316,60103
Census Tract 8044.03; Cook County; Illinois,804403,60120
Census Tract 8044.04; Cook County; Illinois,804404,60120
Census Tract 8044.05; Cook County; Illinois,804405,60120
Census Tract 8044.06; Cook County; Illinois,804406,60103
Census Tract 8045.05; Cook County; Illinois,804505,60103
Census Tract 8045.06; Cook County; Illinois,804506,60103
Census Tract 8045.08; Cook County; Illinois,804508,60103
Census Tract 8045.09; Cook County; Illinois,804509,60107
Census Tract 8045.10; Cook County; Illinois,804510,60133
Census Tract 8045.11; Cook County; Illinois,804511,60133
Census Tract 8045.12; Cook County; Illinois,804512,60103
Census Tract 8045.13; Cook County; Illinois,804513,60103
Census Tract 8045.14; Cook County; Illinois,804514,60103
Census Tract 8046.03; Cook County; Illinois,804603,60008
Census Tract 8046.06; Cook County; Illinois,804606,60007
Census Tract 8046.07; Cook County; Illinois,804607,60007
Census Tract 8046.08; Cook County; Illinois,804608,60169
Census Tract 8046.09; Cook County; Illinois,804609,60173
Census Tract 8046.10; Cook County; Illinois,804610,60007
Census Tract 8046.11; Cook County; Illinois,804611,60193
Census Tract 8047.01; Cook County; Illinois,804701,15601
Census Tract 8047.05; Cook County; Illinois,804705,15601
Census Tract 8047.06; Cook County; Illinois,804706,15601
Census Tract 8047.09; Cook County; Illinois,804709,60168
Census Tract 8047.10; Cook County; Illinois,804710,60169
Census Tract 8047.11; Cook County; Illinois,804711,60107
Census Tract 8047.12; Cook County; Illinois,804712,60194
Census Tract 8047.13; Cook County; Illinois,804713,60169
Census Tract 8047.14; Cook County; Illinois,804714,60169
Census Tract 8047.15; Cook County; Illinois,804715,60169
Census Tract 8047.16; Cook County; Illinois,804716,60169
Census Tract 8048.03; Cook County; Illinois,804803,15601
Census Tract 8048.04; Cook County; Illinois,804804,15601
Census Tract 8048.05; Cook County; Illinois,804805,60133
Census Tract 8048.06; Cook County; Illinois,804806,60133
Census Tract 8048.07; Cook County; Illinois,804807,60133
Census Tract 8048.08; Cook County; Illinois,804808,60193
Census Tract 8048.09; Cook County; Illinois,804809,60193
Census Tract 8048.10; Cook County; Illinois,804810,60193
Census Tract 8049.01; Cook County; Illinois,804901,15601
Census Tract 8049.02; Cook County; Illinois,804902,15601
Census Tract 8050.01; Cook County; Illinois,805001,07724
Census Tract 8050.02; Cook County; Illinois,805002,60056
Census Tract 8051.05; Cook County; Illinois,805105,60008
Census Tract 8051.06; Cook County; Illinois,805106,60005
Census Tract 8051.07; Cook County; Illinois,805107,60005
Census Tract 8051.08; Cook County; Illinois,805108,60005
Census Tract 8051.09; Cook County; Illinois,805109,60005
Census Tract 8051.10; Cook County; Illinois,805110,60005
Census Tract 8051.11; Cook County; Illinois,805111,60005
Census Tract 8051.12; Cook County; Illinois,805112,60005
Census Tract 8052.01; Cook County; Illinois,805201,20783
Census Tract 8052.02; Cook County; Illinois,805202,20783
Census Tract 8053.01; Cook County; Illinois,805301,60053
Census Tract 8053.02; Cook County; Illinois,805302,60025
Census Tract 8054.01; Cook County; Illinois,805401,60714
Census Tract 8054.02; Cook County; Illinois,805402,60714
Census Tract 8055.01; Cook County; Illinois,805501,60068
Census Tract 8055.02; Cook County; Illinois,805502,60068
Census Tract 8056; Cook County; Illinois,805600,07740
Census Tract 8057.01; Cook County; Illinois,805701,60068
Census Tract 8057.02; Cook County; Illinois,805702,60068
Census Tract 8058.01; Cook County; Illinois,805801,20782
Census Tract 8058.02; Cook County; Illinois,805802,20782
Census Tract 8059.01; Cook County; Illinois,805901,15012
Census Tract 8059.02; Cook County; Illinois,805902,60068
Census Tract 8060.01; Cook County; Illinois,806001,60016
Census Tract 8060.02; Cook County; Illinois,806002,60016
Census Tract 8060.04; Cook County; Illinois,806004,60016
Census Tract 8060.05; Cook County; Illinois,806005,60016
Census Tract 8060.06; Cook County; Illinois,806006,60016
Census Tract 8061.02; Cook County; Illinois,806102,60016
Census Tract 8061.03; Cook County; Illinois,806103,60016
Census Tract 8061.04; Cook County; Illinois,806104,60016
Census Tract 8062.01; Cook County; Illinois,806201,07724
Census Tract 8062.02; Cook County; Illinois,806202,07740
Census Tract 8063; Cook County; Illinois,806300,07711
Census Tract 8064; Cook County; Illinois,806400,07712
Census Tract 8065.01; Cook County; Illinois,806501,07712
Census Tract 8065.02; Cook County; Illinois,806502,07712
Census Tract 8066; Cook County; Illinois,806600,07711
Census Tract 8067; Cook County; Illinois,806700,15664
Census Tract 8068.01; Cook County; Illinois,806801,60076
Census Tract 8068.02; Cook County; Illinois,806802,60076
Census Tract 8069; Cook County; Illinois,806900,15666
Census Tract 8070; Cook County; Illinois,807000,15610
Census Tract 8071; Cook County; Illinois,807100,07712
Census Tract 8072; Cook County; Illinois,807200,07712
Census Tract 8073; Cook County; Illinois,807300,07712
Census Tract 8074; Cook County; Illinois,807400,60076
Census Tract 8075; Cook County; Illinois,807500,07753
Census Tract 8076; Cook County; Illinois,807600,07712
Census Tract 8077; Cook County; Illinois,807700,07712
Census Tract 8078; Cook County; Illinois,807800,07712
Census Tract 8079; Cook County; Illinois,807900,07753
Census Tract 8080.01; Cook County; Illinois,808001,07753
Census Tract 8080.02; Cook County; Illinois,808002,07753
Census Tract 8081; Cook County; Illinois,808100,07753
Census Tract 8082; Cook County; Illinois,808200,15627
Census Tract 8083.01; Cook County; Illinois,808301,60053
Census Tract 8083.02; Cook County; Illinois,808302,60053
Census Tract 8084; Cook County; Illinois,808400,60053
Census Tract 8085; Cook County; Illinois,808500,15658
Census Tract 8086; Cook County; Illinois,808600,07719
Census Tract 8087.02; Cook County; Illinois,808702,07719
Census Tract 8088; Cook County; Illinois,808800,07719
Census Tract 8089; Cook County; Illinois,808900,60201
Census Tract 8090; Cook County; Illinois,809000,07719
Census Tract 8091; Cook County; Illinois,809100,07762
Census Tract 8092; Cook County; Illinois,809200,08750
Census Tract 8093; Cook County; Illinois,809300,60201
Census Tract 8094.01; Cook County; Illinois,809401,60201
Census Tract 8094.02; Cook County; Illinois,809402,60201
Census Tract 8095; Cook County; Illinois,809500,60201
Census Tract 8096; Cook County; Illinois,809600,07726
Census Tract 8097; Cook County; Illinois,809700,60202
Census Tract 8098; Cook County; Illinois,809800,60202
Census Tract 8099; Cook County; Illinois,809900,60202
Census Tract 8100; Cook County; Illinois,810000,60202
Census Tract 8101; Cook County; Illinois,810100,01010
Census Tract 8102; Cook County; Illinois,810200,00610
Census Tract 8103.01; Cook County; Illinois,810301,60202
Census Tract 8103.02; Cook County; Illinois,810302,60202
Census Tract 8104; Cook County; Illinois,810400,00610
Census Tract 8105.01; Cook County; Illinois,810501,07728
Census Tract 8105.02; Cook County; Illinois,810502,60634
Census Tract 8106; Cook County; Illinois,810600,00610
Census Tract 8107.01; Cook County; Illinois,810701,60707
Census Tract 8107.02; Cook County; Illinois,810702,60707
Census Tract 8108; Cook County; Illinois,810800,01013
Census Tract 8109; Cook County; Illinois,810900,07728
Census Tract 8110; Cook County; Illinois,811000,01013
Census Tract 8111; Cook County; Illinois,811100,23805
Census Tract 8112; Cook County; Illinois,811200,01013
Census Tract 8113.01; Cook County; Illinois,811301,01013
Census Tract 8113.02; Cook County; Illinois,811302,01020
Census Tract 8114.01; Cook County; Illinois,811401,07731
Census Tract 8114.02; Cook County; Illinois,811402,07731
Census Tract 8115; Cook County; Illinois,811500,01040
Census Tract 8116; Cook County; Illinois,811600,01040
Census Tract 8117.01; Cook County; Illinois,811701,60131
Census Tract 8117.02; Cook County; Illinois,811702,60131
Census Tract 8118; Cook County; Illinois,811800,01040
Census Tract 8119; Cook County; Illinois,811900,01040
Census Tract 8120; Cook County; Illinois,812000,08501
Census Tract 8121; Cook County; Illinois,812100,07732
Census Tract 8122; Cook County; Illinois,812200,07724
Census Tract 8123.01; Cook County; Illinois,812301,44509
Census Tract 8123.02; Cook County; Illinois,812302,44406
Census Tract 8124; Cook County; Illinois,812400,07711
Census Tract 8125; Cook County; Illinois,812500,01073
Census Tract 8126; Cook County; Illinois,812600,01085
Census Tract 8127; Cook County; Illinois,812700,44440
Census Tract 8128.01; Cook County; Illinois,812801,60130
Census Tract 8128.02; Cook County; Illinois,812802,60302
Census Tract 8129; Cook County; Illinois,812900,44401
Census Tract 8130; Cook County; Illinois,813000,44449
Census Tract 8131; Cook County; Illinois,813100,60304
Census Tract 8132; Cook County; Illinois,813200,44609
Census Tract 8133.01; Cook County; Illinois,813301,01106
Census Tract 8133.02; Cook County; Illinois,813302,60644
Census Tract 8134; Cook County; Illinois,813400,44406
Census Tract 8135; Cook County; Illinois,813500,01036
Census Tract 8136; Cook County; Illinois,813600,60804
Census Tract 8137.01; Cook County; Illinois,813701,01057
Census Tract 8137.02; Cook County; Illinois,813702,01057
Census Tract 8138.01; Cook County; Illinois,813801,01010
Census Tract 8138.02; Cook County; Illinois,813802,01010
Census Tract 8139; Cook County; Illinois,813900,44502
Census Tract 8140; Cook County; Illinois,814000,44502
Census Tract 8141; Cook County; Illinois,814100,44509
Census Tract 8142; Cook County; Illinois,814200,44505
Census Tract 8143; Cook County; Illinois,814300,60804
Census Tract 8144; Cook County; Illinois,814400,60804
Census Tract 8145; Cook County; Illinois,814500,60402
Census Tract 8146; Cook County; Illinois,814600,60402
Census Tract 8147; Cook County; Illinois,814700,60402
Census Tract 8148; Cook County; Illinois,814800,60402
Census Tract 8149; Cook County; Illinois,814900,60402
Census Tract 8150; Cook County; Illinois,815000,60402
Census Tract 8151; Cook County; Illinois,815100,60402
Census Tract 8152; Cook County; Illinois,815200,60402
Census Tract 8153; Cook County; Illinois,815300,60402
Census Tract 8154; Cook County; Illinois,815400,60402
Census Tract 8155; Cook County; Illinois,815500,60402
Census Tract 8156; Cook County; Illinois,815600,60546
Census Tract 8157.01; Cook County; Illinois,815701,60534
Census Tract 8157.02; Cook County; Illinois,815702,60534
Census Tract 8158; Cook County; Illinois,815800,60513
Census Tract 8159; Cook County; Illinois,815900,60130
Census Tract 8160; Cook County; Illinois,816000,60130
Census Tract 8161; Cook County; Illinois,816100,60130
Census Tract 8162; Cook County; Illinois,816200,60160
Census Tract 8163; Cook County; Illinois,816300,60160
Census Tract 8164.01; Cook County; Illinois,816401,60160
Census Tract 8164.02; Cook County; Illinois,816402,60160
Census Tract 8165; Cook County; Illinois,816500,60160
Census Tract 8166; Cook County; Illinois,816600,60160
Census Tract 8167; Cook County; Illinois,816700,60164
Census Tract 8168; Cook County; Illinois,816800,60104
Census Tract 8169; Cook County; Illinois,816900,60104
Census Tract 8170; Cook County; Illinois,817000,60104
Census Tract 8171.01; Cook County; Illinois,817101,60104
Census Tract 8171.02; Cook County; Illinois,817102,60104
Census Tract 8172; Cook County; Illinois,817200,60153
Census Tract 8173; Cook County; Illinois,817300,60153
Census Tract 8174; Cook County; Illinois,817400,60153
Census Tract 8175; Cook County; Illinois,817500,60141
Census Tract 8176; Cook County; Illinois,817600,60153
Census Tract 8177; Cook County; Illinois,817700,60153
Census Tract 8179; Cook County; Illinois,817900,60141
Census Tract 8180; Cook County; Illinois,818000,60155
Census Tract 8181; Cook County; Illinois,818100,60154
Census Tract 8182; Cook County; Illinois,818200,60104
Census Tract 8183; Cook County; Illinois,818300,60104
Census Tract 8184.01; Cook County; Illinois,818401,60126
Census Tract 8184.02; Cook County; Illinois,818402,60154
Census Tract 8185; Cook County; Illinois,818500,60154
Census Tract 8186; Cook County; Illinois,818600,60155
Census Tract 8187; Cook County; Illinois,818700,60513
Census Tract 8188; Cook County; Illinois,818800,60513
Census Tract 8189; Cook County; Illinois,818900,60526
Census Tract 8190; Cook County; Illinois,819000,60523
Census Tract 8191; Cook County; Illinois,819100,60534
Census Tract 8192; Cook County; Illinois,819200,60513
Census Tract 8193; Cook County; Illinois,819300,60513
Census Tract 8194; Cook County; Illinois,819400,60513
Census Tract 8195; Cook County; Illinois,819500,60513
Census Tract 8196; Cook County; Illinois,819600,60525
Census Tract 8197; Cook County; Illinois,819700,60525
Census Tract 8198.01; Cook County; Illinois,819801,60558
Census Tract 8198.02; Cook County; Illinois,819802,60525
Census Tract 8199; Cook County; Illinois,819900,60558
Census Tract 8200; Cook County; Illinois,820000,60521
Census Tract 8201.01; Cook County; Illinois,820101,00660
Census Tract 8201.03; Cook County; Illinois,820103,60525
Census Tract 8201.04; Cook County; Illinois,820104,60525
Census Tract 8202.02; Cook County; Illinois,820202,60402
Census Tract 8202.03; Cook County; Illinois,820203,60480
Census Tract 8202.04; Cook County; Illinois,820204,60525
Census Tract 8203; Cook County; Illinois,820300,00660
Census Tract 8204; Cook County; Illinois,820400,00660
Census Tract 8205.01; Cook County; Illinois,820501,60455
Census Tract 8205.02; Cook County; Illinois,820502,60455
Census Tract 8206.03; Cook County; Illinois,820603,60458
Census Tract 8206.04; Cook County; Illinois,820604,60455
Census Tract 8206.05; Cook County; Illinois,820605,60457
Census Tract 8206.06; Cook County; Illinois,820606,60457
Census Tract 8207; Cook County; Illinois,820700,01002
Census Tract 8208; Cook County; Illinois,820800,60402
Census Tract 8209.01; Cook County; Illinois,820901,60455
Census Tract 8209.02; Cook County; Illinois,820902,60459
Census Tract 8210.01; Cook County; Illinois,821001,60455
Census Tract 8210.02; Cook County; Illinois,821002,60459
Census Tract 8211.01; Cook County; Illinois,821101,01075
Census Tract 8211.02; Cook County; Illinois,821102,60459
Census Tract 8212; Cook County; Illinois,821200,01075
Census Tract 8213; Cook County; Illinois,821300,01033
Census Tract 8214.01; Cook County; Illinois,821401,60827
Census Tract 8214.02; Cook County; Illinois,821402,60406
Census Tract 8215; Cook County; Illinois,821500,01038
Census Tract 8216; Cook County; Illinois,821600,60620
Census Tract 8217; Cook County; Illinois,821700,01027
Census Tract 8218; Cook County; Illinois,821800,60805
Census Tract 8219; Cook County; Illinois,821900,60805
Census Tract 8220; Cook County; Illinois,822000,01060
Census Tract 8221.01; Cook County; Illinois,822101,60453
Census Tract 8221.02; Cook County; Illinois,822102,60453
Census Tract 8222; Cook County; Illinois,822200,01027
Census Tract 8223.01; Cook County; Illinois,822301,60453
Census Tract 8223.02; Cook County; Illinois,822302,60415
Census Tract 8224; Cook County; Illinois,822400,60415
Census Tract 8225; Cook County; Illinois,822500,01027
Census Tract 8226.01; Cook County; Illinois,822601,01050
Census Tract 8226.02; Cook County; Illinois,822602,60453
Census Tract 8227.01; Cook County; Illinois,822701,60453
Census Tract 8227.02; Cook County; Illinois,822702,60453
Census Tract 8228.01; Cook County; Illinois,822801,60453
Census Tract 8228.02; Cook County; Illinois,822802,60453
Census Tract 8229; Cook County; Illinois,822900,60453
Census Tract 8230.01; Cook County; Illinois,823001,60415
Census Tract 8230.02; Cook County; Illinois,823002,60415
Census Tract 8231.01; Cook County; Illinois,823101,60415
Census Tract 8231.02; Cook County; Illinois,823102,60482
Census Tract 8232; Cook County; Illinois,823200,60453
Census Tract 8233.02; Cook County; Illinois,823302,60406
Census Tract 8233.03; Cook County; Illinois,823303,60803
Census Tract 8233.04; Cook County; Illinois,823304,60655
Census Tract 8234; Cook County; Illinois,823400,60406
Census Tract 8235; Cook County; Illinois,823500,60406
Census Tract 8236.02; Cook County; Illinois,823602,60418
Census Tract 8236.03; Cook County; Illinois,823603,60406
Census Tract 8236.04; Cook County; Illinois,823604,60463
Census Tract 8236.05; Cook County; Illinois,823605,60418
Census Tract 8237.02; Cook County; Illinois,823702,60457
Census Tract 8237.03; Cook County; Illinois,823703,60455
Census Tract 8237.04; Cook County; Illinois,823704,60457
Census Tract 8237.05; Cook County; Illinois,823705,60457
Census Tract 8238.01; Cook County; Illinois,823801,60462
Census Tract 8238.03; Cook County; Illinois,823803,60465
Census Tract 8238.05; Cook County; Illinois,823805,60465
Census Tract 8238.06; Cook County; Illinois,823806,60465
Census Tract 8239.01; Cook County; Illinois,823901,60462
Census Tract 8239.03; Cook County; Illinois,823903,60462
Census Tract 8239.04; Cook County; Illinois,823904,60462
Census Tract 8240.03; Cook County; Illinois,824003,60439
Census Tract 8240.04; Cook County; Illinois,824004,60439
Census Tract 8240.05; Cook County; Illinois,824005,60439
Census Tract 8240.06; Cook County; Illinois,824006,60439
Census Tract 8241.05; Cook County; Illinois,824105,60462
Census Tract 8241.06; Cook County; Illinois,824106,60462
Census Tract 8241.07; Cook County; Illinois,824107,60462
Census Tract 8241.13; Cook County; Illinois,824113,60467
Census Tract 8241.14; Cook County; Illinois,824114,60462
Census Tract 8241.15; Cook County; Illinois,824115,60462
Census Tract 8241.16; Cook County; Illinois,824116,60462
Census Tract 8241.19; Cook County; Illinois,824119,60448
Census Tract 8241.21; Cook County; Illinois,824121,60462
Census Tract 8241.22; Cook County; Illinois,824122,60477
Census Tract 8241.23; Cook County; Illinois,824123,60477
Census Tract 8241.24; Cook County; Illinois,824124,60462
Census Tract 8241.25; Cook County; Illinois,824125,60462
Census Tract 8241.26; Cook County; Illinois,824126,60487
Census Tract 8241.27; Cook County; Illinois,824127,60467
Census Tract 8241.28; Cook County; Illinois,824128,60467
Census Tract 8241.29; Cook County; Illinois,824129,60467
Census Tract 8243; Cook County; Illinois,824300,60406
Census Tract 8244; Cook County; Illinois,824400,60418
Census Tract 8245.03; Cook County; Illinois,824503,60418
Census Tract 8245.05; Cook County; Illinois,824505,60452
Census Tract 8245.07; Cook County; Illinois,824507,60452
Census Tract 8245.08; Cook County; Illinois,824508,60452
Census Tract 8245.09; Cook County; Illinois,824509,60452
Census Tract 8246.01; Cook County; Illinois,824601,60418
Census Tract 8246.02; Cook County; Illinois,824602,60445
Census Tract 8247.01; Cook County; Illinois,824701,60418
Census Tract 8247.02; Cook County; Illinois,824702,60428
Census Tract 8248; Cook County; Illinois,824800,60406
Census Tract 8249; Cook County; Illinois,824900,60426
Census Tract 8250; Cook County; Illinois,825000,60445
Census Tract 8252; Cook County; Illinois,825200,60428
Census Tract 8253.02; Cook County; Illinois,825302,60452
Census Tract 8253.03; Cook County; Illinois,825303,60477
Census Tract 8253.04; Cook County; Illinois,825304,60477
Census Tract 8254; Cook County; Illinois,825400,60477
Census Tract 8255.01; Cook County; Illinois,825501,60428
Census Tract 8255.03; Cook County; Illinois,825503,60428
Census Tract 8255.04; Cook County; Illinois,825504,60429
Census Tract 8255.05; Cook County; Illinois,825505,60478
Census Tract 8256; Cook County; Illinois,825600,60428
Census Tract 8257; Cook County; Illinois,825700,60409
Census Tract 8258.01; Cook County; Illinois,825801,60409
Census Tract 8258.02; Cook County; Illinois,825802,60409
Census Tract 8258.03; Cook County; Illinois,825803,60409
Census Tract 8259; Cook County; Illinois,825900,60409
Census Tract 8260; Cook County; Illinois,826000,60409
Census Tract 8261; Cook County; Illinois,826100,60409
Census Tract 8262.01; Cook County; Illinois,826201,60409
Census Tract 8262.02; Cook County; Illinois,826202,60409
Census Tract 8263.01; Cook County; Illinois,826301,60419
Census Tract 8263.03; Cook County; Illinois,826303,60419
Census Tract 8263.04; Cook County; Illinois,826304,60419
Census Tract 8264.01; Cook County; Illinois,826401,60419
Census Tract 8264.02; Cook County; Illinois,826402,60419
Census Tract 8265; Cook County; Illinois,826500,60419
Census Tract 8266; Cook County; Illinois,826600,60419
Census Tract 8267; Cook County; Illinois,826700,60827
Census Tract 8268; Cook County; Illinois,826800,60406
Census Tract 8269.01; Cook County; Illinois,826901,60426
Census Tract 8269.02; Cook County; Illinois,826902,60426
Census Tract 8270; Cook County; Illinois,827000,60426
Census Tract 8271; Cook County; Illinois,827100,60426
Census Tract 8272; Cook County; Illinois,827200,60426
Census Tract 8273; Cook County; Illinois,827300,60426
Census Tract 8274; Cook County; Illinois,827400,60426
Census Tract 8275; Cook County; Illinois,827500,60426
Census Tract 8276; Cook County; Illinois,827600,60428
Census Tract 8277; Cook County; Illinois,827700,60429
Census Tract 8278.01; Cook County; Illinois,827801,60426
Census Tract 8278.02; Cook County; Illinois,827802,60419
Census Tract 8278.04; Cook County; Illinois,827804,60473
Census Tract 8278.05; Cook County; Illinois,827805,60473
Census Tract 8279.01; Cook County; Illinois,827901,60409
Census Tract 8279.02; Cook County; Illinois,827902,60438
Census Tract 8280; Cook County; Illinois,828000,60438
Census Tract 8281; Cook County; Illinois,828100,60438
Census Tract 8282.01; Cook County; Illinois,828201,60438
Census Tract 8282.02; Cook County; Illinois,828202,60438
Census Tract 8283; Cook County; Illinois,828300,60425
Census Tract 8284.01; Cook County; Illinois,828401,60429
Census Tract 8284.02; Cook County; Illinois,828402,60426
Census Tract 8285.03; Cook County; Illinois,828503,60411
Census Tract 8285.04; Cook County; Illinois,828504,60411
Census Tract 8285.05; Cook County; Illinois,828505,60411
Census Tract 8285.07; Cook County; Illinois,828507,60411
Census Tract 8285.08; Cook County; Illinois,828508,60411
Census Tract 8286.01; Cook County; Illinois,828601,60422
Census Tract 8286.02; Cook County; Illinois,828602,60411
Census Tract 8287.01; Cook County; Illinois,828701,60411
Census Tract 8287.02; Cook County; Illinois,828702,60411
Census Tract 8288.01; Cook County; Illinois,828801,60411
Census Tract 8288.02; Cook County; Illinois,828802,60411
Census Tract 8289; Cook County; Illinois,828900,60411
Census Tract 8290; Cook County; Illinois,829000,60411
Census Tract 8291; Cook County; Illinois,829100,60411
Census Tract 8292; Cook County; Illinois,829200,60411
Census Tract 8293.01; Cook County; Illinois,829301,60411
Census Tract 8293.02; Cook County; Illinois,829302,60411
Census Tract 8294.01; Cook County; Illinois,829401,60411
Census Tract 8294.02; Cook County; Illinois,829402,60411
Census Tract 8295; Cook County; Illinois,829500,60411
Census Tract 8296; Cook County; Illinois,829600,60411
Census Tract 8297; Cook County; Illinois,829700,60411
Census Tract 8298; Cook County; Illinois,829800,60422
Census Tract 8299.02; Cook County; Illinois,829902,60422
Census Tract 8299.03; Cook County; Illinois,829903,60478
Census Tract 8299.04; Cook County; Illinois,829904,60423
Census Tract 8300.01; Cook County; Illinois,830001,60423
Census Tract 8300.03; Cook County; Illinois,830003,60423
Census Tract 8300.04; Cook County; Illinois,830004,60443
Census Tract 8300.05; Cook County; Illinois,830005,60461
Census Tract 8300.06; Cook County; Illinois,830006,60443
Census Tract 8300.07; Cook County; Illinois,830007,60443
Census Tract 8300.08; Cook County; Illinois,830008,60423
Census Tract 8301; Cook County; Illinois,830100,23834
Census Tract 8302.01; Cook County; Illinois,830201,00623
Census Tract 8302.02; Cook County; Illinois,830202,00623
Census Tract 8303; Cook County; Illinois,830300,00623
Census Tract 8304; Cook County; Illinois,830400,00623
Census Tract 8305; Cook County; Illinois,830500,23834
Census Tract 8306; Cook County; Illinois,830600,48111
Census Tract 8307; Cook County; Illinois,830700,48131
Census Tract 8308; Cook County; Illinois,830800,60613
Census Tract 8309; Cook County; Illinois,830900,48131
Census Tract 8310; Cook County; Illinois,831000,48140
Census Tract 8311; Cook County; Illinois,831100,48117
Census Tract 8312; Cook County; Illinois,831200,60639
Census Tract 8313; Cook County; Illinois,831300,48162
Census Tract 8314; Cook County; Illinois,831400,48162
Census Tract 8315; Cook County; Illinois,831500,48162
Census Tract 8316; Cook County; Illinois,831600,48162
Census Tract 8317; Cook County; Illinois,831700,48162
Census Tract 8318; Cook County; Illinois,831800,48161
Census Tract 8319; Cook County; Illinois,831900,48161
Census Tract 8320; Cook County; Illinois,832000,48161
Census Tract 8321; Cook County; Illinois,832100,48161
Census Tract 8322; Cook County; Illinois,832200,48161
Census Tract 8323; Cook County; Illinois,832300,48161
Census Tract 8324; Cook County; Illinois,832400,48161
Census Tract 8325; Cook County; Illinois,832500,48145
Census Tract 8326; Cook County; Illinois,832600,48133
Census Tract 8329; Cook County; Illinois,832900,48131
Census Tract 8330; Cook County; Illinois,833000,48144
Census Tract 8331; Cook County; Illinois,833100,48144
Census Tract 8333; Cook County; Illinois,833300,48144
Census Tract 8339; Cook County; Illinois,833900,48144
Census Tract 8340; Cook County; Illinois,834000,60620
Census Tract 8342; Cook County; Illinois,834200,60619
Census Tract 8343; Cook County; Illinois,834300,60617
Census Tract 8344; Cook County; Illinois,834400,60637
Census Tract 8345; Cook County; Illinois,834500,60621
Census Tract 8346; Cook County; Illinois,834600,60621
Census Tract 8347; Cook County; Illinois,834700,60621
Census Tract 8348; Cook County; Illinois,834800,60621
Census Tract 8349; Cook County; Illinois,834900,60636
Census Tract 8350; Cook County; Illinois,835000,60629
Census Tract 8351; Cook County; Illinois,835100,60629
Census Tract 8352; Cook County; Illinois,835200,60632
Census Tract 8355; Cook County; Illinois,835500,60609
Census Tract 8356; Cook County; Illinois,835600,60609
Census Tract 8358; Cook County; Illinois,835800,60615
Census Tract 8360; Cook County; Illinois,836000,60653
Census Tract 8361; Cook County; Illinois,836100,60609
Census Tract 8362; Cook County; Illinois,836200,60615
Census Tract 8363; Cook County; Illinois,836300,60615
Census Tract 8364; Cook County; Illinois,836400,60653
Census Tract 8365; Cook County; Illinois,836500,60653
Census Tract 8366; Cook County; Illinois,836600,60622
Census Tract 8367; Cook County; Illinois,836700,60612
Census Tract 8368; Cook County; Illinois,836800,60612
Census Tract 8369; Cook County; Illinois,836900,60612
Census Tract 8370; Cook County; Illinois,837000,60612
Census Tract 8371; Cook County; Illinois,837100,60612
Census Tract 8373; Cook County; Illinois,837300,60612
Census Tract 8374; Cook County; Illinois,837400,60612
Census Tract 8378; Cook County; Illinois,837800,60612
Census Tract 8380; Cook County; Illinois,838000,60612
Census Tract 8381; Cook County; Illinois,838100,60607
Census Tract 8382; Cook County; Illinois,838200,60607
Census Tract 8383; Cook County; Illinois,838300,60610
Census Tract 8386; Cook County; Illinois,838600,60612
Census Tract 8387; Cook County; Illinois,838700,60623
Census Tract 8388; Cook County; Illinois,838800,60617
Census Tract 8390; Cook County; Illinois,839000,60605
Census Tract 8391; Cook County; Illinois,839100,60601
Census Tract 8392; Cook County; Illinois,839200,60616
Census Tract 8395; Cook County; Illinois,839500,60616
Census Tract 8396; Cook County; Illinois,839600,60616
Census Tract 8397; Cook County; Illinois,839700,60608
Census Tract 8398; Cook County; Illinois,839800,60608
Census Tract 8399; Cook County; Illinois,839900,60609
Census Tract 8400; Cook County; Illinois,840000,60007
Census Tract 8401; Cook County; Illinois,840100,60616
Census Tract 8402; Cook County; Illinois,840200,00683
Census Tract 8403; Cook County; Illinois,840300,00683
Census Tract 8404; Cook County; Illinois,840400,00683
Census Tract 8407; Cook County; Illinois,840700,00683
Census Tract 8408; Cook County; Illinois,840800,60623
Census Tract 8410; Cook County; Illinois,841000,60616
Census Tract 8411; Cook County; Illinois,841100,60616
Census Tract 8412; Cook County; Illinois,841200,60608
Census Tract 8413; Cook County; Illinois,841300,60608
Census Tract 8415; Cook County; Illinois,841500,60623
Census Tract 8417; Cook County; Illinois,841700,60623
Census Tract 8418; Cook County; Illinois,841800,60619
Census Tract 8419; Cook County; Illinois,841900,60607
Census Tract 8420; Cook County; Illinois,842000,60137
Census Tract 8421; Cook County; Illinois,842100,60137
Census Tract 8422; Cook County; Illinois,842200,60137
Census Tract 8423; Cook County; Illinois,842300,60137
Census Tract 8424; Cook County; Illinois,842400,60187
Census Tract 8425; Cook County; Illinois,842500,60137
Census Tract 8426; Cook County; Illinois,842600,60609
Census Tract 8428; Cook County; Illinois,842800,60126
Census Tract 8429; Cook County; Illinois,842900,60126
Census Tract 8430; Cook County; Illinois,843000,60126
Census Tract 8431; Cook County; Illinois,843100,60181
Census Tract 8432; Cook County; Illinois,843200,60148
Census Tract 8433; Cook County; Illinois,843300,60608
Census Tract 8434; Cook County; Illinois,843400,60101
Census Tract 8435; Cook County; Illinois,843500,60137
Census Tract 8436; Cook County; Illinois,843600,60615
Census Tract 8437; Cook County; Illinois,843700,60148
Census Tract 8438; Cook County; Illinois,843800,60126
Census Tract 8439; Cook County; Illinois,843900,60126
Census Tract 8446; Cook County; Illinois,844600,60609
Census Tract 8447; Cook County; Illinois,844700,60623
